/*
Navicat MySQL Data Transfer

Source Server         : localhost_3306
Source Server Version : 50724
Source Host           : localhost:3306
Source Database       : lostandfound

Target Server Type    : MYSQL
Target Server Version : 50724
File Encoding         : 65001

Date: 2022-04-23 00:38:07
*/

SET FOREIGN_KEY_CHECKS=0;

-- ----------------------------
-- Table structure for `gonggao`
-- ----------------------------
DROP TABLE IF EXISTS `gonggao`;
CREATE TABLE `gonggao` (
  `g_id` int(11) NOT NULL AUTO_INCREMENT,
  `g_userid` int(11) NOT NULL,
  `g_username` varchar(50) DEFAULT NULL,
  `g_authority` varchar(50) DEFAULT NULL,
  `g_title` varchar(500) DEFAULT NULL,
  `g_content` varchar(500) DEFAULT NULL,
  `g_addtime` timestamp NOT NULL DEFAULT CURRENT_TIMESTAMP,
  PRIMARY KEY (`g_id`)
) ENGINE=InnoDB AUTO_INCREMENT=18 DEFAULT CHARSET=gb2312;

-- ----------------------------
-- Records of gonggao
-- ----------------------------
INSERT INTO `gonggao` VALUES ('12', '3', 'wzl', '普通管理员', '公告', '本站仅作为一个发布启事的公益平台，本身不提供其他服务，也不从中获利，谢谢。\r\n本站仅提供留言提醒，不会以其他任何方式联系失主(拾主)。\r\n本站会不定时会调整发布信息拦截规则、站点评论规则、更新黑名单号码，屏蔽部分地区访问，防止垃圾信息发布与垃圾评论发布。', '2020-03-09 10:55:24');
INSERT INTO `gonggao` VALUES ('13', '3', 'wzl', '普通管理员', '公告', '要先打钱或者要求赎回失物的基本都是骗子，如需回报，建议走中介平台。切记。要先打钱或者要求赎回失物的基本都是骗子，如需回报，建议走中介平台。切记。要先打钱或者要求赎回失物的基本都是骗子，如需回报，建议走中介平台。切记。', '2022-03-08 10:55:24');

-- ----------------------------
-- Table structure for `liuyanxinxi`
-- ----------------------------
DROP TABLE IF EXISTS `liuyanxinxi`;
CREATE TABLE `liuyanxinxi` (
  `id` int(11) NOT NULL AUTO_INCREMENT,
  `userid` int(11) NOT NULL,
  `bianhao` varchar(50) DEFAULT NULL,
  `liuyanneirong` varchar(500) DEFAULT NULL,
  `liuyanriqi` date DEFAULT NULL,
  `liuyanren` varchar(50) DEFAULT NULL,
  `addtime` timestamp NOT NULL DEFAULT CURRENT_TIMESTAMP,
  PRIMARY KEY (`id`)
) ENGINE=InnoDB AUTO_INCREMENT=24 DEFAULT CHARSET=gb2312;

-- ----------------------------
-- Records of liuyanxinxi
-- ----------------------------
INSERT INTO `liuyanxinxi` VALUES ('3', '22', null, '感谢爱心B站点替我寻回钱包！负责人很负责！', '2022-04-04', '伍中林', '2022-04-04 23:19:42');
INSERT INTO `liuyanxinxi` VALUES ('4', '22', null, '感谢爱心C站点替我寻回我的高数课本', '2022-04-04', '伍中林', '2022-04-04 23:23:03');
INSERT INTO `liuyanxinxi` VALUES ('6', '22', null, '感谢爱心A站点替我寻回我的电脑', '2022-04-04', '伍中林', '2022-04-04 23:26:34');
INSERT INTO `liuyanxinxi` VALUES ('7', '22', null, '感谢爱心A站点替我寻回我的鼠标，站点物品管理很整齐，环境干净卫生，负责人是个小姐姐，人美心善态度好，谢谢你！', '2022-04-04', '伍中林', '2022-04-04 23:28:05');
INSERT INTO `liuyanxinxi` VALUES ('8', '22', null, '感谢爱心B站点替我寻回我的电脑，站点物品管理很整齐，环境干净卫生，负责人是个小哥哥，人美心善态度好，谢谢你！', '2022-04-04', '伍中林', '2022-04-04 23:28:25');
INSERT INTO `liuyanxinxi` VALUES ('9', '22', null, '感谢爱心C站点替我寻回我的鼠标，站点物品管理很整齐，环境干净卫生，负责人是个小哥哥，人美心善态度好，谢谢你！', '2022-04-04', '伍中林', '2022-04-04 23:28:39');
INSERT INTO `liuyanxinxi` VALUES ('10', '22', null, '感谢爱心D站点替我寻回我的考试用品，站点物品管理很整齐，环境干净卫生，负责人是个小姐姐，人美心善态度好，谢谢你！', '2022-04-04', '伍中林', '2022-04-04 23:29:00');
INSERT INTO `liuyanxinxi` VALUES ('11', '22', null, '感谢爱心D站点替我寻回新买的衬衫，站点物品管理很整齐，环境干净卫生，负责人是个小姐姐，人美心善态度好，谢谢你！', '2022-04-04', '伍中林', '2022-04-04 23:29:17');
INSERT INTO `liuyanxinxi` VALUES ('12', '22', null, '感谢爱心A站点替我寻回新买的蓝牙耳机，站点物品管理很整齐，环境干净卫生，负责人是个小姐姐，人美心善态度好，谢谢你！', '2022-04-04', '伍中林', '2022-04-04 23:29:46');
INSERT INTO `liuyanxinxi` VALUES ('13', '22', null, '感谢爱心A站点替我寻回新买的主机，站点物品管理很整齐，环境干净卫生，负责人是个小姐姐，人美心善态度好，谢谢你！', '2022-04-04', '伍中林', '2022-04-04 23:31:15');
INSERT INTO `liuyanxinxi` VALUES ('14', '22', null, '感谢爱心A站点替我寻回学生证，站点离我的位置很近，站点物品管理很整齐，环境干净卫生，负责人是个小姐姐，人美心善态度好，谢谢你！', '2022-04-04', '伍中林', '2022-04-04 23:31:49');
INSERT INTO `liuyanxinxi` VALUES ('15', '22', null, '感谢爱心A站点替我寻回我的手表，站点物品管理很整齐，环境干净卫生，负责人是个小姐姐，人美心善态度好，谢谢你！', '2022-04-05', '伍中林', '2022-04-05 00:45:56');
INSERT INTO `liuyanxinxi` VALUES ('16', '22', null, '今天是2022年04月5日，有没有小伙伴相约留言墙！', '2022-04-05', '伍中林', '2022-04-05 23:34:10');
INSERT INTO `liuyanxinxi` VALUES ('19', '22', null, '谢谢爱心F站点替我巡回笔记本！', '2022-04-06', '伍中林', '2022-04-06 00:28:59');
INSERT INTO `liuyanxinxi` VALUES ('22', '3', null, '老兄大半夜也还没睡觉啊？', '2022-04-07', 'wzl', '2022-04-07 02:46:19');
INSERT INTO `liuyanxinxi` VALUES ('23', '3', null, '感谢大家的帮助，我已经寻回ipad!', '2022-04-22', 'wzl', '2022-04-22 21:22:12');

-- ----------------------------
-- Table structure for `shenlingshenhe`
-- ----------------------------
DROP TABLE IF EXISTS `shenlingshenhe`;
CREATE TABLE `shenlingshenhe` (
  `id` int(11) NOT NULL AUTO_INCREMENT,
  `userid` int(11) DEFAULT NULL,
  `bianhao` varchar(50) DEFAULT NULL,
  `wupinmingcheng` varchar(50) DEFAULT NULL,
  `tupian` varchar(50) DEFAULT NULL,
  `lianxidianhua` varchar(50) DEFAULT NULL,
  `jiandaoriqi` date DEFAULT NULL,
  `jiandaodizhi` varchar(50) DEFAULT NULL,
  `jianshu` varchar(500) DEFAULT NULL,
  `zhandianmingcheng` varchar(50) DEFAULT NULL,
  `daozhandianriqi` date DEFAULT NULL,
  `fuzeren` varchar(50) DEFAULT NULL,
  `dizhi` varchar(50) DEFAULT NULL,
  `zhuangtai` varchar(50) DEFAULT NULL,
  `shenhejieguo` varchar(50) DEFAULT NULL,
  `addtime` timestamp NOT NULL DEFAULT CURRENT_TIMESTAMP,
  PRIMARY KEY (`id`)
) ENGINE=InnoDB AUTO_INCREMENT=77 DEFAULT CHARSET=gb2312;

-- ----------------------------
-- Records of shenlingshenhe
-- ----------------------------
INSERT INTO `shenlingshenhe` VALUES ('13', '22', '312614844', '手表一只', '/upload/1583992476049.jpg', '01234567899', '2022-03-02', '肇庆学院', '测试', '爱心A站点', '2022-04-23', '001', '学校东面', '已完成', '同意', '2022-04-22 00:40:23');
INSERT INTO `shenlingshenhe` VALUES ('14', '22', '312614844', '相机', '/upload/1583992476049.jpg', '01234567899', '2022-03-02', '肇庆学院', '测试', '爱心A站点', '2022-04-22', '001', '学校东面', '已完成', '同意', '2022-04-22 00:34:07');
INSERT INTO `shenlingshenhe` VALUES ('15', '3', '312614844', '云台', '/upload/1583992476049.jpg', '01234567899', '2022-03-02', '肇庆学院', '测试', '爱心A站点', '2022-04-14', '001', '学校东面', '已完成', '同意', '2022-04-21 22:52:39');
INSERT INTO `shenlingshenhe` VALUES ('16', '22', '312614844', '三脚架', '/upload/1583992476049.jpg', '12017514795', '2022-03-02', '肇庆学院', '测试', '爱心A站点', '2022-04-08', '001', '学校东面', '已完成', '同意', '2022-04-07 05:01:32');
INSERT INTO `shenlingshenhe` VALUES ('17', '3', '312614844', '考研资料', '/upload/1583992476049.jpg', '01234567899', '2022-03-02', '肇庆学院', '测试', '爱心A站点', '2022-04-23', '001', '学校东面', '申领中', '审核中', '2022-04-22 21:24:21');
INSERT INTO `shenlingshenhe` VALUES ('18', '22', '312614844', '英语四级资料', '/upload/1583992476049.jpg', '01234567899', '2022-03-02', '肇庆学院', '测试', '爱心A站点', '2022-04-22', '001', '学校东面', '正在进行', '同意', '2022-04-22 00:47:49');
INSERT INTO `shenlingshenhe` VALUES ('76', '22', '312614846', '手机', '/upload/9fbc6ce105044fe0baea5fdf334d488b.jpg', '01234567899', '2022-04-04', '饭堂三楼', '大说法伽师开赴撒旦赶快发给暗室逢灯官方凯撒皇宫的发生鬼打鬼v不错砂锅豆腐和健康的卡敢死队风格！', '爱心C站点', '2022-04-22', '小黑', '校门口', '申领中', '拒绝', '2022-04-22 03:04:28');

-- ----------------------------
-- Table structure for `shiwuxunzhao`
-- ----------------------------
DROP TABLE IF EXISTS `shiwuxunzhao`;
CREATE TABLE `shiwuxunzhao` (
  `id` int(11) NOT NULL AUTO_INCREMENT,
  `userid` int(11) DEFAULT NULL,
  `bianhao` varchar(50) DEFAULT NULL,
  `wupinmingcheng` varchar(50) DEFAULT NULL,
  `tupian` varchar(50) DEFAULT NULL,
  `shiquren` varchar(50) DEFAULT NULL,
  `lianxidianhua` varchar(50) DEFAULT NULL,
  `shiquriqi` date DEFAULT NULL,
  `shiqudizhi` varchar(50) DEFAULT NULL,
  `jianshu` varchar(500) DEFAULT NULL,
  `zhandianmingcheng` varchar(50) DEFAULT NULL,
  `daozhandianriqi` date DEFAULT NULL,
  `fuzeren` varchar(50) DEFAULT NULL,
  `dizhi` varchar(50) DEFAULT NULL,
  `zhuangtai` varchar(50) DEFAULT NULL,
  `addtime` timestamp NOT NULL DEFAULT CURRENT_TIMESTAMP,
  PRIMARY KEY (`id`)
) ENGINE=InnoDB AUTO_INCREMENT=116 DEFAULT CHARSET=gb2312;

-- ----------------------------
-- Records of shiwuxunzhao
-- ----------------------------
INSERT INTO `shiwuxunzhao` VALUES ('77', '22', '312614844', '包包4', '/upload/1583992547367.jpg', '夏小姐', '12345678901', '2020-03-12', '学校饭堂', '单肩绿色皮革包，里面有XXX一个，XXXX两盒', '爱心A站点', null, '小红', '学校南门', '丢失中', '2020-03-15 00:00:00');
INSERT INTO `shiwuxunzhao` VALUES ('78', '22', '312614844', '包包5', '/upload/1583992547367.jpg', '白小姐', '12345678901', '2020-03-12', '学校饭堂', '单肩绿色皮革包，里面有XXX一个，XXXX两盒', '爱心A站点', null, '小红', '学校南门', '丢失中', '2020-03-16 00:00:00');
INSERT INTO `shiwuxunzhao` VALUES ('79', '22', '312614844', '包包6', '/upload/1583992547367.jpg', '李小姐', '12345678901', '2020-03-12', '学校饭堂', '单肩绿色皮革包，里面有XXX一个，XXXX两盒', '爱心A站点', null, '小红', '学校南门', '丢失中', '2020-03-17 00:00:00');
INSERT INTO `shiwuxunzhao` VALUES ('80', '22', '312614844', '包包7', '/upload/1583992547367.jpg', '时小姐', '12345678901', '2020-03-12', '学校饭堂', '单肩绿色皮革包，里面有XXX一个，XXXX两盒', '爱心A站点', null, '小红', '学校南门', '丢失中', '2020-03-18 00:00:00');
INSERT INTO `shiwuxunzhao` VALUES ('81', '22', '312614844', '包包8', '/upload/1583992547367.jpg', '华小姐', '12345678901', '2020-03-12', '学校饭堂', '单肩绿色皮革包，里面有XXX一个，XXXX两盒', '爱心A站点', null, '小红', '学校南门', '丢失中', '2020-03-19 00:00:00');
INSERT INTO `shiwuxunzhao` VALUES ('82', '22', '312614844', '包包9', '/upload/1583992547367.jpg', '容小姐', '12345678901', '2020-03-12', '学校饭堂', '单肩绿色皮革包，里面有XXX一个，XXXX两盒', '爱心A站点', null, '小红', '学校南门', '丢失中', '2020-03-20 00:00:00');
INSERT INTO `shiwuxunzhao` VALUES ('83', '22', '312614844', '包包10', '/upload/1583992547367.jpg', '荣小姐', '12345678901', '2020-03-12', '学校饭堂', '单肩绿色皮革包，里面有XXX一个，XXXX两盒', '爱心A站点', null, '小红', '学校南门', '丢失中', '2020-03-21 00:00:00');
INSERT INTO `shiwuxunzhao` VALUES ('84', '22', '312614844', '包包11', '/upload/1583992547367.jpg', '蓉小姐', '12345678901', '2020-03-12', '学校饭堂', '单肩绿色皮革包，里面有XXX一个，XXXX两盒', '爱心A站点', null, '小红', '学校南门', '丢失中', '2020-03-22 00:00:00');
INSERT INTO `shiwuxunzhao` VALUES ('85', '22', '312614844', '包包12', '/upload/1583992547367.jpg', '莲小姐', '12345678901', '2020-03-12', '学校饭堂', '单肩绿色皮革包，里面有XXX一个，XXXX两盒', '爱心A站点', null, '小红', '学校南门', '丢失中', '2020-03-23 00:00:00');
INSERT INTO `shiwuxunzhao` VALUES ('86', '22', '312614844', '包包13', '/upload/1583992547367.jpg', '李小姐', '12345678901', '2020-03-12', '学校饭堂', '单肩绿色皮革包，里面有XXX一个，XXXX两盒', '爱心A站点', null, '小红', '学校南门', '丢失中', '2020-03-24 00:00:00');
INSERT INTO `shiwuxunzhao` VALUES ('87', '22', '312614844', '包包14', '/upload/1583992547367.jpg', '利小姐', '12345678901', '2020-03-12', '学校饭堂', '单肩绿色皮革包，里面有XXX一个，XXXX两盒', '爱心A站点', null, '小红', '学校南门', '丢失中', '2020-03-25 00:00:00');
INSERT INTO `shiwuxunzhao` VALUES ('88', '22', '312614844', '包包15', '/upload/1583992547367.jpg', '黎小姐', '12345678901', '2020-03-12', '学校饭堂', '单肩绿色皮革包，里面有XXX一个，XXXX两盒', '爱心A站点', null, '小红', '学校南门', '丢失中', '2020-03-26 00:00:00');
INSERT INTO `shiwuxunzhao` VALUES ('89', '22', '312614844', '包包16', '/upload/1583992547367.jpg', '丽小姐', '12345678901', '2020-03-12', '学校饭堂', '单肩绿色皮革包，里面有XXX一个，XXXX两盒', '爱心A站点', null, '小红', '学校南门', '丢失中', '2020-03-27 00:00:00');
INSERT INTO `shiwuxunzhao` VALUES ('90', '22', '312614844', '包包17', '/upload/1583992547367.jpg', '乐小姐', '12345678901', '2020-03-12', '学校饭堂', '单肩绿色皮革包，里面有XXX一个，XXXX两盒', '爱心A站点', null, '小红', '学校南门', '丢失中', '2020-03-28 00:00:00');
INSERT INTO `shiwuxunzhao` VALUES ('92', '22', '312614844', '包包19', '/upload/1583992547367.jpg', '萨小姐', '12345678901', '2020-03-12', '学校饭堂', '单肩绿色皮革包，里面有XXX一个，XXXX两盒', '爱心A站点', null, '小红', '学校南门', '丢失中', '2020-03-30 00:00:00');
INSERT INTO `shiwuxunzhao` VALUES ('93', '22', '312614844', '包包20', '/upload/1583992547367.jpg', '赖小姐', '12345678901', '2020-03-12', '学校饭堂', '单肩绿色皮革包，里面有XXX一个，XXXX两盒', '爱心A站点', null, '小红', '学校南门', '丢失中', '2020-03-31 00:00:00');
INSERT INTO `shiwuxunzhao` VALUES ('94', '22', '312614844', '包包21', '/upload/1583992547367.jpg', '陈小姐', '12345678901', '2020-03-12', '学校饭堂', '单肩绿色皮革包，里面有XXX一个，XXXX两盒', '爱心A站点', null, '小红', '学校南门', '丢失中', '2020-03-01 00:00:00');
INSERT INTO `shiwuxunzhao` VALUES ('95', '22', '312614844', '包包22', '/upload/1583992547367.jpg', '谭小姐', '12345678901', '2020-03-12', '学校饭堂', '单肩绿色皮革包，里面有XXX一个，XXXX两盒', '爱心A站点', null, '小红', '学校南门', '丢失中', '2020-03-02 00:00:00');
INSERT INTO `shiwuxunzhao` VALUES ('96', '22', '312614844', '包包23', '/upload/1583992547367.jpg', '单小姐', '12345678901', '2020-03-12', '学校饭堂', '单肩绿色皮革包，里面有XXX一个，XXXX两盒', '爱心A站点', null, '小红', '学校南门', '丢失中', '2020-03-03 00:00:00');
INSERT INTO `shiwuxunzhao` VALUES ('97', '22', '312614844', '包包24', '/upload/1583992547367.jpg', '婵小姐', '12345678901', '2020-03-12', '学校饭堂', '单肩绿色皮革包，里面有XXX一个，XXXX两盒', '爱心A站点', null, '小红', '学校南门', '丢失中', '2020-03-04 00:00:00');
INSERT INTO `shiwuxunzhao` VALUES ('98', '22', '312614844', '苹果12', '/upload/18e18f90acd5425dae275c0ac19ea2f4.jpg', '伍中林', '01234567899', '2022-04-05', '图书馆二楼3排4号', '苹果12一个', '爱心A站点', null, '小红', '学校南门', '丢失中', '2022-04-05 16:50:53');
INSERT INTO `shiwuxunzhao` VALUES ('99', '22', '312614844', '苹果12', '/upload/0d752924e1724a7db883750552260b61.jpg', '伍中林', '01234567899', '2022-04-05', '图书馆二楼3排4号', '苹果12一个', '爱心A站点', null, '小红', '学校南门', '丢失中', '2022-04-05 16:51:07');
INSERT INTO `shiwuxunzhao` VALUES ('100', '22', '312614844', 'j安卓手机', '/upload/2033f725151c4269b015cab7fc6a5f0e.jpg', '伍中林', '12345678901', '2022-04-04', '图书馆二楼3排4号', '今天中午在饭堂吃饭时捡到一部手机！', '爱心A站点', null, '小红', '学校南门', '丢失中', '2022-04-05 18:39:47');
INSERT INTO `shiwuxunzhao` VALUES ('101', '22', '312614844', 'j安卓手机', '/upload/ea29b38367f24da2b03757095d871ed4.jpg', '伍中林', '12345678901', '2022-04-04', '图书馆二楼3排4号', '今天中午在饭堂吃饭时捡到一部手机！', '爱心A站点', null, '小红', '学校南门', '丢失中', '2022-04-05 18:39:59');
INSERT INTO `shiwuxunzhao` VALUES ('102', '22', '312614844', '202204405安卓手机', '/upload/21c1bc7478df440a8359eac08bf44253.jpg', '伍中林', '01234567899', '2022-04-04', '图书馆二楼3排4号', '在图书馆学习时，捡到一部手机，放在那里七八个小时没人认领，估计失主有事离开，忘记带走了。', '爱心A站点', null, '小红', '学校南门', '丢失中', '2022-04-05 20:06:16');
INSERT INTO `shiwuxunzhao` VALUES ('103', '22', '312614844', '触笔', '/upload/17d719c8e2ac411fbc433d21c082128b.jpg', '张大锤', '01234567899', '2022-04-04', '广东科学技术职业学院饭堂二楼', '在2022年04月04日中午，在饭堂吃饭的时候，遗漏了一根ipad触笔！', '爱心A站点', null, '小红', '学校南门', '丢失中', '2022-04-05 22:29:33');
INSERT INTO `shiwuxunzhao` VALUES ('105', '22', '312614850', '手机', '/upload/007e24f9567c4cf7b58afe20d1bfcf92.jpg', '伍中林', '01234567899', '2022-04-04', '广东科学技术职业学院饭堂二楼', '按揭首付大理石考核方式代购VS BBC v v擦四分金卡护法国会大厦股份尽快给v帮你们宣传哈德根据客户发的沙发和！', '爱心F站点', null, '小叶', '学校东面', '丢失中', '2022-04-05 23:36:14');
INSERT INTO `shiwuxunzhao` VALUES ('107', '22', '312614844', 'ipad pro', '/upload/d222e8c719284926bc9b55828d6d1a5f.jpg', '林', '12345678901', '2022-04-13', '图书馆二楼3排4号', 'iPad Pro 2018机身有银色、深空灰色两种颜色，11英寸iPad Pro 2018无线局域网机型468克（1.03磅），无线局域网+蜂窝网络机型468克（1.03磅）。iPad Pro 2018显示屏采用曲线圆角设计，四个圆角位于一个标准矩形内 [2]  ，机身厚度只有5.9毫米。', '爱心A站点', null, '小红', '学校南门', '已完成', '2022-04-13 16:29:16');
INSERT INTO `shiwuxunzhao` VALUES ('108', '22', '312614844', 'ipad pro', '/upload/d222e8c719284926bc9b55828d6d1a5f.jpg', '林', '12345678901', '2022-04-13', '图书馆二楼3排4号', 'iPad Pro 2018机身有银色、深空灰色两种颜色，11英寸iPad Pro 2018无线局域网机型468克（1.03磅），无线局域网+蜂窝网络机型468克（1.03磅）。iPad Pro 2018显示屏采用曲线圆角设计，四个圆角位于一个标准矩形内 [2]  ，机身厚度只有5.9毫米。', '爱心A站点', null, '小红', '学校南门', '丢失中', '2022-04-13 16:29:16');
INSERT INTO `shiwuxunzhao` VALUES ('109', '22', '312614844', 'ipad pro', '/upload/d222e8c719284926bc9b55828d6d1a5f.jpg', '林', '12345678901', '2022-04-13', '图书馆二楼3排4号', 'iPad Pro 2018机身有银色、深空灰色两种颜色，11英寸iPad Pro 2018无线局域网机型468克（1.03磅），无线局域网+蜂窝网络机型468克（1.03磅）。iPad Pro 2018显示屏采用曲线圆角设计，四个圆角位于一个标准矩形内 [2]  ，机身厚度只有5.9毫米。', '爱心A站点', null, '小红', '学校南门', '丢失中', '2022-04-13 16:29:16');
INSERT INTO `shiwuxunzhao` VALUES ('110', '22', '312614844', 'ipad pro', '/upload/d222e8c719284926bc9b55828d6d1a5f.jpg', '林', '12345678901', '2022-04-13', '图书馆二楼3排4号', 'iPad Pro 2018机身有银色、深空灰色两种颜色，11英寸iPad Pro 2018无线局域网机型468克（1.03磅），无线局域网+蜂窝网络机型468克（1.03磅）。iPad Pro 2018显示屏采用曲线圆角设计，四个圆角位于一个标准矩形内 [2]  ，机身厚度只有5.9毫米。', '爱心A站点', null, '小红', '学校南门', '丢失中', '2022-04-13 16:29:16');
INSERT INTO `shiwuxunzhao` VALUES ('111', '22', '312614844', 'HUAWEI Mate 40', '/upload/eaa1175bdc8644d8b1ef96ddaf6e0b91.jpg', '伍中林', '01234567899', '2022-04-13', '图书馆二楼3排4号', 'HUAWEI Mate 40是华为公司于2020年10月22日发布的手机，于2020年12月21日上市。\nHUAWEI Mate 40采用直板设计；机身长度为158.6毫米，宽度为72.5毫米，厚度为8.8毫米，重量为188克；采用6.5英寸曲面屏，有亮黑色、釉白色、秘银色、夏日胡杨和秋日胡杨可选。 \nHUAWEI Mate 40搭载麒麟9000E芯片的CPU，基于Android 10的操作系统，可更新至华为鸿蒙系统（Harmony OS），为使用四摄像头（后方三枚），4200毫安电池。', '爱心A站点', null, '小红', '学校南门', '丢失中', '2022-04-13 16:57:23');
INSERT INTO `shiwuxunzhao` VALUES ('112', '22', '312614844', '高等数学课本', '/upload/80395c8c98054ef7852f2c0bcf5b0903.jpg', '林', '01234567899', '2022-04-19', '图书馆二楼3排4号', '高等数学第七版教材', '爱心A站点', null, '小红', '学校南门', '已完成', '2022-04-20 13:54:57');
INSERT INTO `shiwuxunzhao` VALUES ('114', '3', '312614844', '油画', '/upload/8761313f6acd4a158faacb6bf50b091a.jpg', '伍中林', '01234567899', '2022-04-22', '图书馆二楼3排4号', '在图书馆二楼3排4号卓遗漏一幅油画！', '爱心A站点', null, '小红', '学校南门', '已完成', '2022-04-22 21:04:09');
INSERT INTO `shiwuxunzhao` VALUES ('115', '3', '312614844', 'ipad', '/upload/a71dc68264074900b8c73a36b9d665a7.jpg', '伍中林', '01234567899', '2022-04-21', '广东科学技术职业学院饭堂二楼', '广东科学技术职业学院饭堂二楼', '爱心A站点', null, '小红', '学校南门', '丢失中', '2022-04-22 21:18:25');

-- ----------------------------
-- Table structure for `shiwuzhaoling`
-- ----------------------------
DROP TABLE IF EXISTS `shiwuzhaoling`;
CREATE TABLE `shiwuzhaoling` (
  `id` int(11) NOT NULL AUTO_INCREMENT,
  `userid` int(11) DEFAULT NULL,
  `bianhao` varchar(50) DEFAULT NULL,
  `wupinmingcheng` varchar(50) DEFAULT NULL,
  `tupian` varchar(50) DEFAULT NULL,
  `lianxidianhua` varchar(50) DEFAULT NULL,
  `jiandaoriqi` date DEFAULT NULL,
  `jiandaodizhi` varchar(50) DEFAULT NULL,
  `jianshu` varchar(500) DEFAULT NULL,
  `zhandianmingcheng` varchar(50) DEFAULT NULL,
  `daozhandianriqi` date DEFAULT NULL,
  `fuzeren` varchar(50) DEFAULT NULL,
  `dizhi` varchar(50) DEFAULT NULL,
  `zhuangtai` varchar(50) DEFAULT NULL,
  `addtime` timestamp NOT NULL DEFAULT CURRENT_TIMESTAMP,
  PRIMARY KEY (`id`)
) ENGINE=InnoDB AUTO_INCREMENT=79 DEFAULT CHARSET=gb2312;

-- ----------------------------
-- Records of shiwuzhaoling
-- ----------------------------
INSERT INTO `shiwuzhaoling` VALUES ('6', '22', '312614844', '包包', '/upload/1583992577659.jpg', '8900541', '2022-03-02', '肇庆学院', '测试', '爱心A站点', '2020-03-12', '026', '校门口', '未领取', '2020-03-12 13:56:21');
INSERT INTO `shiwuzhaoling` VALUES ('7', '22', '312614844', '钱包', '/upload/1583992710223.jpg', '6488958', '2022-03-02', '肇庆学院', '在校园内见到一个钱包', '爱心A站点', '2020-03-12', '010', '学校北门', '未领取', '2020-03-12 13:58:48');
INSERT INTO `shiwuzhaoling` VALUES ('8', '22', '312614844', '钱包', '/upload/1583994219271.jpg', '13769548711', '2022-03-02', '肇庆学院', '在学校花园捡到', '爱心A站点', '2020-03-12', '小叶', '学校东面', '未领取', '2020-03-12 14:13:22');
INSERT INTO `shiwuzhaoling` VALUES ('9', '22', '312614844', '手机1', '/upload/1583992476049.jpg', '8895632', '2022-03-02', '肇庆学院', '测试', '爱心A站点', '2020-03-12', '001', '学校东面', '已完成', '2022-03-12 13:54:45');
INSERT INTO `shiwuzhaoling` VALUES ('13', '22', '312614844', '手表一只', '/upload/1583992476049.jpg', '8895632', '2022-03-02', '肇庆学院', '测试', '爱心A站点', '2020-03-12', '001', '学校东面', '已完成', '2022-02-15 13:54:45');
INSERT INTO `shiwuzhaoling` VALUES ('14', '22', '312614844', '相机', '/upload/1583992476049.jpg', '8895632', '2022-03-02', '肇庆学院', '测试', '爱心A站点', '2020-03-12', '001', '学校东面', '已完成', '2022-02-16 13:54:45');
INSERT INTO `shiwuzhaoling` VALUES ('15', '22', '312614844', '云台', '/upload/1583992476049.jpg', '8895632', '2022-03-02', '肇庆学院', '测试', '爱心A站点', '2020-03-12', '001', '学校东面', '已完成', '2022-02-19 13:54:45');
INSERT INTO `shiwuzhaoling` VALUES ('16', '22', '312614844', '三脚架', '/upload/1583992476049.jpg', '8895632', '2022-03-02', '肇庆学院', '测试', '爱心A站点', '2020-03-12', '001', '学校东面', '已完成', '2022-01-12 13:54:45');
INSERT INTO `shiwuzhaoling` VALUES ('17', '22', '312614844', '考研资料', '/upload/1583992476049.jpg', '8895632', '2022-03-02', '肇庆学院', '测试', '爱心A站点', '2020-03-12', '001', '学校东面', '未领取', '2022-01-15 13:54:45');
INSERT INTO `shiwuzhaoling` VALUES ('18', '22', '312614844', '英语四级资料', '/upload/1583992476049.jpg', '8895632', '2022-03-02', '肇庆学院', '测试', '爱心A站点', '2020-03-12', '001', '学校东面', '未领取', '2022-01-16 13:54:45');
INSERT INTO `shiwuzhaoling` VALUES ('19', '22', '312614844', '钱包', '/upload/1583992710223.jpg', '12345678', '2022-03-02', '肇庆学院', '在学校饭堂捡到一个钱包，测试测试测试测试测试测试测试测试测试测试测试测试测试测试测试测试测试测试测试测试测试测试测试测试测试测试测试测试测试测试测试测试测试测试测试测试测试测试测试测试测试测试', '爱心A站点', '2022-03-25', '小红', '学校东面', '已完成', '2022-03-17 00:27:17');
INSERT INTO `shiwuzhaoling` VALUES ('20', '22', '312614844', '手机11', '/upload/1583992476049.jpg', '8895632', '2022-03-02', '肇庆学院', '测试', '爱心A站点', '2020-03-12', '001', '学校东面', '已完成', '2020-03-12 13:54:45');
INSERT INTO `shiwuzhaoling` VALUES ('21', '22', '312614844', '手机12', '/upload/1583992476049.jpg', '8895632', '2022-03-02', '肇庆学院', '测试', '爱心A站点', '2020-03-12', '001', '学校东面', '已完成', '2020-03-12 13:54:45');
INSERT INTO `shiwuzhaoling` VALUES ('22', '22', '312614844', '手机11', '/upload/1583992476049.jpg', '8895632', '2022-03-02', '肇庆学院', '测试', '爱心A站点', '2020-03-12', '001', '学校东面', '已完成', '2020-03-12 13:54:45');
INSERT INTO `shiwuzhaoling` VALUES ('23', '22', '312614844', '手机12', '/upload/1583992476049.jpg', '8895632', '2022-03-02', '肇庆学院', '测试', '爱心A站点', '2020-03-12', '001', '学校东面', '已完成', '2020-03-12 13:54:45');
INSERT INTO `shiwuzhaoling` VALUES ('24', '22', '312614844', '手机13', '/upload/1583992476049.jpg', '8895632', '2022-03-02', '肇庆学院', '测试', '爱心A站点', '2020-03-12', '001', '学校东面', '已完成', '2020-03-12 13:54:45');
INSERT INTO `shiwuzhaoling` VALUES ('25', '22', '312614844', '手机14', '/upload/1583992476049.jpg', '8895632', '2022-03-02', '肇庆学院', '测试', '爱心A站点', '2020-03-12', '001', '学校东面', '已完成', '2020-03-12 13:54:45');
INSERT INTO `shiwuzhaoling` VALUES ('26', '22', '312614844', '手机15', '/upload/1583992476049.jpg', '8895632', '2022-03-02', '肇庆学院', '测试', '爱心A站点', '2020-03-12', '001', '学校东面', '已完成', '2020-03-12 13:54:45');
INSERT INTO `shiwuzhaoling` VALUES ('27', '22', '312614844', '手机16', '/upload/1583992476049.jpg', '8895632', '2022-03-02', '肇庆学院', '测试', '爱心A站点', '2020-03-12', '001', '学校东面', '已完成', '2020-03-12 13:54:45');
INSERT INTO `shiwuzhaoling` VALUES ('28', '22', '312614844', '手机17', '/upload/1583992476049.jpg', '8895632', '2022-03-02', '肇庆学院', '测试', '爱心A站点', '2020-03-12', '001', '学校东面', '已完成', '2020-03-12 13:54:45');
INSERT INTO `shiwuzhaoling` VALUES ('29', '22', '312614844', '手机18', '/upload/1583992476049.jpg', '8895632', '2022-03-02', '肇庆学院', '测试', '爱心A站点', '2020-03-12', '001', '学校东面', '已完成', '2020-03-12 13:54:45');
INSERT INTO `shiwuzhaoling` VALUES ('30', '22', '312614844', '手机19', '/upload/1583992476049.jpg', '8895632', '2022-03-02', '肇庆学院', '测试', '爱心A站点', '2020-03-12', '001', '学校东面', '已完成', '2020-03-12 13:54:45');
INSERT INTO `shiwuzhaoling` VALUES ('31', '22', '312614844', '手机20', '/upload/1583992476049.jpg', '8895632', '2022-03-02', '肇庆学院', '测试', '爱心A站点', '2020-03-12', '001', '学校东面', '已完成', '2020-03-12 13:54:45');
INSERT INTO `shiwuzhaoling` VALUES ('32', '22', '312614844', '手机21', '/upload/1583992476049.jpg', '8895632', '2022-03-02', '肇庆学院', '测试', '爱心A站点', '2020-03-12', '001', '学校东面', '已完成', '2020-03-12 13:54:45');
INSERT INTO `shiwuzhaoling` VALUES ('33', '22', '312614844', '手机22', '/upload/1583992476049.jpg', '8895632', '2022-03-02', '肇庆学院', '测试', '爱心A站点', '2020-03-12', '001', '学校东面', '已完成', '2020-03-12 13:54:45');
INSERT INTO `shiwuzhaoling` VALUES ('34', '22', '312614844', '手机23', '/upload/1583992476049.jpg', '8895632', '2022-03-02', '肇庆学院', '测试', '爱心A站点', '2020-03-12', '001', '学校东面', '已完成', '2020-03-12 13:54:45');
INSERT INTO `shiwuzhaoling` VALUES ('35', '22', '312614844', '手机24', '/upload/1583992476049.jpg', '8895632', '2022-03-02', '肇庆学院', '测试', '爱心A站点', '2020-03-12', '001', '学校东面', '已完成', '2020-03-12 13:54:45');
INSERT INTO `shiwuzhaoling` VALUES ('36', '22', '312614844', '手机25', '/upload/1583992476049.jpg', '8895632', '2022-03-02', '肇庆学院', '测试', '爱心A站点', '2020-03-12', '001', '学校东面', '已完成', '2020-03-12 13:54:45');
INSERT INTO `shiwuzhaoling` VALUES ('37', '22', '312614844', '手机26', '/upload/1583992476049.jpg', '8895632', '2022-03-02', '肇庆学院', '测试', '爱心A站点', '2020-03-12', '001', '学校东面', '已完成', '2020-03-12 13:54:45');
INSERT INTO `shiwuzhaoling` VALUES ('38', '22', '312614844', '手机27', '/upload/1583992476049.jpg', '8895632', '2022-03-02', '肇庆学院', '测试', '爱心A站点', '2020-03-12', '001', '学校东面', '已完成', '2020-03-12 13:54:45');
INSERT INTO `shiwuzhaoling` VALUES ('39', '22', '312614844', '手机28', '/upload/1583992476049.jpg', '8895632', '2022-03-02', '肇庆学院', '测试', '爱心A站点', '2020-03-12', '001', '学校东面', '已完成', '2020-03-12 13:54:45');
INSERT INTO `shiwuzhaoling` VALUES ('40', '22', '312614844', '手机29', '/upload/1583992476049.jpg', '8895632', '2022-03-02', '肇庆学院', '测试', '爱心A站点', '2020-03-12', '001', '学校东面', '已完成', '2020-03-12 13:54:45');
INSERT INTO `shiwuzhaoling` VALUES ('41', '22', '312614844', '手机30', '/upload/1583992476049.jpg', '8895632', '2022-03-02', '肇庆学院', '测试', '爱心A站点', '2020-03-12', '001', '学校东面', '已完成', '2020-03-12 13:54:45');
INSERT INTO `shiwuzhaoling` VALUES ('42', '22', '312614844', '手机31', '/upload/1583992476049.jpg', '8895632', '2022-03-02', '肇庆学院', '测试', '爱心A站点', '2020-03-12', '001', '学校东面', '已完成', '2020-03-12 13:54:45');
INSERT INTO `shiwuzhaoling` VALUES ('43', '22', '312614844', '手机32', '/upload/1583992476049.jpg', '8895632', '2022-03-02', '肇庆学院', '测试', '爱心A站点', '2020-03-12', '001', '学校东面', '已完成', '2020-03-12 13:54:45');
INSERT INTO `shiwuzhaoling` VALUES ('44', '22', '312614844', '手机33', '/upload/1583992476049.jpg', '8895632', '2022-03-02', '肇庆学院', '测试', '爱心A站点', '2020-03-12', '001', '学校东面', '已完成', '2020-03-12 13:54:45');
INSERT INTO `shiwuzhaoling` VALUES ('45', '22', '312614844', '手机34', '/upload/1583992476049.jpg', '8895632', '2022-03-02', '肇庆学院', '测试', '爱心A站点', '2020-03-12', '001', '学校东面', '已完成', '2020-03-12 13:54:45');
INSERT INTO `shiwuzhaoling` VALUES ('46', '22', '312614844', '手机35', '/upload/1583992476049.jpg', '8895632', '2022-03-02', '肇庆学院', '测试', '爱心A站点', '2020-03-12', '001', '学校东面', '已完成', '2020-03-12 13:54:45');
INSERT INTO `shiwuzhaoling` VALUES ('47', '22', '312614844', '手机36', '/upload/1583992476049.jpg', '8895632', '2022-03-02', '肇庆学院', '测试', '爱心A站点', '2020-03-12', '001', '学校东面', '已完成', '2020-03-12 13:54:45');
INSERT INTO `shiwuzhaoling` VALUES ('48', '22', '312614844', '手机37', '/upload/1583992476049.jpg', '8895632', '2022-03-02', '肇庆学院', '测试', '爱心A站点', '2020-03-12', '001', '学校东面', '已完成', '2020-03-12 13:54:45');
INSERT INTO `shiwuzhaoling` VALUES ('49', '22', '312614844', '手机38', '/upload/1583992476049.jpg', '8895632', '2022-03-02', '肇庆学院', '测试', '爱心A站点', '2020-03-12', '001', '学校东面', '已完成', '2020-03-12 13:54:45');
INSERT INTO `shiwuzhaoling` VALUES ('50', '22', '312614844', '手机39', '/upload/1583992476049.jpg', '8895632', '2022-03-02', '肇庆学院', '测试', '爱心A站点', '2020-03-12', '001', '学校东面', '已完成', '2020-03-12 13:54:45');
INSERT INTO `shiwuzhaoling` VALUES ('51', '22', '312614844', '手机40', '/upload/1583992476049.jpg', '8895632', '2022-03-02', '肇庆学院', '测试', '爱心A站点', '2020-03-12', '001', '学校东面', '已完成', '2020-03-12 13:54:45');
INSERT INTO `shiwuzhaoling` VALUES ('52', '22', '312614844', '手机41', '/upload/1583992476049.jpg', '8895632', '2022-03-02', '肇庆学院', '测试', '爱心A站点', '2020-03-12', '001', '学校东面', '已完成', '2020-03-12 13:54:45');
INSERT INTO `shiwuzhaoling` VALUES ('53', '22', '312614844', '手机42', '/upload/1583992476049.jpg', '8895632', '2022-03-02', '肇庆学院', '测试', '爱心A站点', '2020-03-12', '001', '学校东面', '已完成', '2020-03-12 13:54:45');
INSERT INTO `shiwuzhaoling` VALUES ('54', '22', '312614844', '手机43', '/upload/1583992476049.jpg', '8895632', '2022-03-02', '肇庆学院', '测试', '爱心A站点', '2020-03-12', '001', '学校东面', '已完成', '2020-03-12 13:54:45');
INSERT INTO `shiwuzhaoling` VALUES ('55', '22', '312614844', '手机44', '/upload/1583992476049.jpg', '8895632', '2022-03-02', '肇庆学院', '测试', '爱心A站点', '2020-03-12', '001', '学校东面', '已完成', '2020-03-12 13:54:45');
INSERT INTO `shiwuzhaoling` VALUES ('56', '22', '312614844', '手机45', '/upload/1583992476049.jpg', '8895632', '2022-03-02', '肇庆学院', '测试', '爱心A站点', '2020-03-12', '001', '学校东面', '已完成', '2020-03-12 13:54:45');
INSERT INTO `shiwuzhaoling` VALUES ('57', '22', '312614844', '手机46', '/upload/1583992476049.jpg', '8895632', '2022-03-02', '肇庆学院', '测试', '爱心A站点', '2020-03-12', '001', '学校东面', '已完成', '2020-03-12 13:54:45');
INSERT INTO `shiwuzhaoling` VALUES ('58', '22', '312614844', '手机47', '/upload/1583992476049.jpg', '8895632', '2022-03-02', '肇庆学院', '测试', '爱心A站点', '2020-03-12', '001', '学校东面', '已完成', '2020-03-12 13:54:45');
INSERT INTO `shiwuzhaoling` VALUES ('59', '22', '312614844', '手机48', '/upload/1583992476049.jpg', '8895632', '2022-03-02', '肇庆学院', '测试', '爱心A站点', '2020-03-12', '001', '学校东面', '已完成', '2020-03-12 13:54:45');
INSERT INTO `shiwuzhaoling` VALUES ('60', '22', '312614844', '手机49', '/upload/1583992476049.jpg', '8895632', '2022-03-02', '肇庆学院', '测试', '爱心A站点', '2020-03-12', '001', '学校东面', '已完成', '2020-03-12 13:54:45');
INSERT INTO `shiwuzhaoling` VALUES ('61', '22', '312614844', '手机50', '/upload/1583992476049.jpg', '8895632', '2022-03-02', '肇庆学院', '测试', '爱心A站点', '2020-03-12', '001', '学校东面', '已完成', '2020-03-12 13:54:45');
INSERT INTO `shiwuzhaoling` VALUES ('62', '22', '312614844', '手机51', '/upload/1583992476049.jpg', '8895632', '2022-03-02', '肇庆学院', '测试', '爱心A站点', '2020-03-12', '001', '学校东面', '已完成', '2020-03-12 13:54:45');
INSERT INTO `shiwuzhaoling` VALUES ('63', '22', '312614844', '手机52', '/upload/1583992476049.jpg', '8895632', '2022-03-02', '肇庆学院', '测试', '爱心A站点', '2020-03-12', '001', '学校东面', '已完成', '2020-03-12 13:54:45');
INSERT INTO `shiwuzhaoling` VALUES ('64', '22', '312614844', '手机53', '/upload/1583992476049.jpg', '8895632', '2022-03-02', '肇庆学院', '测试', '爱心A站点', '2020-03-12', '001', '学校东面', '已完成', '2020-03-12 13:54:45');
INSERT INTO `shiwuzhaoling` VALUES ('65', '22', '312614844', '手机54', '/upload/1583992476049.jpg', '8895632', '2022-03-02', '肇庆学院', '测试', '爱心A站点', '2020-03-12', '001', '学校东面', '已完成', '2020-03-12 13:54:45');
INSERT INTO `shiwuzhaoling` VALUES ('66', '22', '312614844', '手机55', '/upload/1583992476049.jpg', '8895632', '2022-03-02', '肇庆学院', '测试', '爱心A站点', '2020-03-12', '001', '学校东面', '已完成', '2020-03-12 13:54:45');
INSERT INTO `shiwuzhaoling` VALUES ('67', '22', '312614844', '手机56', '/upload/1583992476049.jpg', '8895632', '2022-03-02', '肇庆学院', '测试', '爱心A站点', '2020-03-12', '001', '学校东面', '已完成', '2020-03-12 13:54:45');
INSERT INTO `shiwuzhaoling` VALUES ('68', '22', '312614844', '手机57', '/upload/1583992476049.jpg', '8895632', '2022-03-02', '肇庆学院', '测试', '爱心A站点', '2020-03-12', '001', '学校东面', '已完成', '2020-03-12 13:54:45');
INSERT INTO `shiwuzhaoling` VALUES ('69', '22', '312614844', '手机58', '/upload/1583992476049.jpg', '8895632', '2022-03-02', '肇庆学院', '测试', '爱心A站点', '2020-03-12', '001', '学校东面', '已完成', '2020-03-12 13:54:45');
INSERT INTO `shiwuzhaoling` VALUES ('70', '22', '312614844', '手机59', '/upload/1583992476049.jpg', '8895632', '2022-03-02', '肇庆学院', '测试', '爱心A站点', '2020-03-12', '001', '学校东面', '已完成', '2020-03-12 13:54:45');
INSERT INTO `shiwuzhaoling` VALUES ('71', '22', '312614844', '手机60', '/upload/1583992476049.jpg', '8895632', '2022-03-02', '肇庆学院', '测试', '爱心A站点', '2020-03-12', '001', '学校东面', '已完成', '2020-03-12 13:54:45');
INSERT INTO `shiwuzhaoling` VALUES ('72', '22', '312614844', '手机61', '/upload/1583992476049.jpg', '8895632', '2022-03-02', '肇庆学院', '测试', '爱心A站点', '2020-03-12', '001', '学校东面', '已完成', '2020-03-12 13:54:45');
INSERT INTO `shiwuzhaoling` VALUES ('74', '22', '312614844', '大手机', '/upload/869c5c353aa74e03929b22e7473a465c.jpg', '01234567899', '2022-04-04', '饭堂三楼', '黑色手机，4.2寸', '爱心A站点', '2022-04-04', '小红', '学校南门', '已完成', '2022-04-04 20:32:09');
INSERT INTO `shiwuzhaoling` VALUES ('75', '22', '312614846', '高数课本', '/upload/5f57d164728842bb9ed6b81cf286c0e3.jpg', '01234567899', '2022-04-22', '六饭三楼', '在六饭三楼捡到一本数学教材', '爱心C站点', '2022-04-22', '小黑', '校门口', '已完成', '2022-04-22 00:25:37');
INSERT INTO `shiwuzhaoling` VALUES ('76', '22', '312614846', '手机', '/upload/9fbc6ce105044fe0baea5fdf334d488b.jpg', '01234567899', '2022-04-04', '饭堂三楼', '大说法伽师开赴撒旦赶快发给暗室逢灯官方凯撒皇宫的发生鬼打鬼v不错砂锅豆腐和健康的卡敢死队风格！', '爱心C站点', '2022-04-04', '小黑', '校门口', '未领取', '2022-04-05 23:35:33');
INSERT INTO `shiwuzhaoling` VALUES ('77', '3', '312614845', 'ipad', '/upload/870b58258f79439b9e4ea37577c3948e.jpg', '01234567899', '2022-04-21', '饭堂三楼', '饭堂三楼', '爱心B站点', '2022-04-22', '小黄', '学校北门', '已完成', '2022-04-22 21:19:53');
INSERT INTO `shiwuzhaoling` VALUES ('78', '3', '312614846', '高数课本', '/upload/827520900ef043458d156bac3b2dc80a.jpg', '01234567899', '2022-04-21', '饭堂三楼', '今天晚上七点在饭堂三楼吃饭，玩了几个小时，见到一本高数课本长时间没人带走，已交到爱心C站点保存。', '爱心C站点', '2022-04-21', '小黑', '校门口', '未领取', '2022-04-22 21:26:35');

-- ----------------------------
-- Table structure for `user`
-- ----------------------------
DROP TABLE IF EXISTS `user`;
CREATE TABLE `user` (
  `id` int(11) NOT NULL AUTO_INCREMENT,
  `username` varchar(50) NOT NULL,
  `password` varchar(50) NOT NULL,
  `sex` varchar(2) NOT NULL,
  `authority` varchar(50) NOT NULL DEFAULT '普通用户',
  `addtime` timestamp NOT NULL DEFAULT CURRENT_TIMESTAMP,
  PRIMARY KEY (`id`),
  UNIQUE KEY `username` (`username`)
) ENGINE=InnoDB AUTO_INCREMENT=24 DEFAULT CHARSET=gb2312;

-- ----------------------------
-- Records of user
-- ----------------------------
INSERT INTO `user` VALUES ('3', 'wzl', '1234', '男', '普通管理员', '2020-03-12 10:55:24');
INSERT INTO `user` VALUES ('7', 'ying', '12344', '男', '普通用户', '2022-03-08 00:00:00');
INSERT INTO `user` VALUES ('8', 'hong', '1234', '女', '普通用户', '2022-03-11 13:21:13');
INSERT INTO `user` VALUES ('9', 'dagou', '1234', '男', '普通用户', '2022-03-11 13:32:10');
INSERT INTO `user` VALUES ('10', 'aaa', '1234', '女', '普通用户', '2022-03-11 13:33:22');
INSERT INTO `user` VALUES ('11', 'wzl123', '1234', '男', '普通用户', '2022-03-11 13:37:57');
INSERT INTO `user` VALUES ('12', 'wzl12345', '1234', '女', '普通用户', '2022-03-11 14:01:19');
INSERT INTO `user` VALUES ('15', 'sa', 'as', '男', '普通用户', '2022-03-11 18:53:30');
INSERT INTO `user` VALUES ('17', 'sadas', '12212', '女', '普通用户', '2022-03-11 19:00:30');
INSERT INTO `user` VALUES ('18', '21332', 'asdads', '男', '普通用户', '2022-03-11 19:04:11');
INSERT INTO `user` VALUES ('22', '伍中林', '1234', '男', '超级管理员', '2022-03-11 19:08:09');

-- ----------------------------
-- Table structure for `xunwushenhe`
-- ----------------------------
DROP TABLE IF EXISTS `xunwushenhe`;
CREATE TABLE `xunwushenhe` (
  `id` int(11) NOT NULL AUTO_INCREMENT,
  `userid` int(11) DEFAULT NULL,
  `bianhao` varchar(50) DEFAULT NULL,
  `wupinmingcheng` varchar(50) DEFAULT NULL,
  `tupian` varchar(50) DEFAULT NULL,
  `shiquren` varchar(50) DEFAULT NULL,
  `lianxidianhua` varchar(50) DEFAULT NULL,
  `shiquriqi` date DEFAULT NULL,
  `shiqudizhi` varchar(50) DEFAULT NULL,
  `jianshu` varchar(500) DEFAULT NULL,
  `zhandianmingcheng` varchar(50) DEFAULT NULL,
  `daozhandianriqi` date DEFAULT NULL,
  `fuzeren` varchar(50) DEFAULT NULL,
  `dizhi` varchar(50) DEFAULT NULL,
  `zhuangtai` varchar(50) DEFAULT NULL,
  `shenhejieguo` varchar(50) DEFAULT NULL,
  `addtime` timestamp NOT NULL DEFAULT CURRENT_TIMESTAMP,
  PRIMARY KEY (`id`)
) ENGINE=InnoDB AUTO_INCREMENT=97 DEFAULT CHARSET=gb2312;

-- ----------------------------
-- Records of xunwushenhe
-- ----------------------------
INSERT INTO `xunwushenhe` VALUES ('77', '22', '312614844', '手机', '/upload/381e1204e0f64d73a1f655f627801c2e.jpg', '张大锤', '01234567899', '2022-04-01', '图书馆二楼3排4号', '黑色，4.2寸，屏幕完好，系统安卓4.2。', '爱心A站点', null, '小红', '学校南门', '丢失中', '同意', '2022-04-04 20:30:34');
INSERT INTO `xunwushenhe` VALUES ('78', '22', '312614844', '苹果12', '/upload/18e18f90acd5425dae275c0ac19ea2f4.jpg', '伍中林', '01234567899', '2022-04-05', '图书馆二楼3排4号', '苹果12一个', '爱心A站点', null, '小红', '学校南门', '丢失中', '同意', '2022-04-05 16:50:53');
INSERT INTO `xunwushenhe` VALUES ('79', '22', '312614844', '苹果12', '/upload/0d752924e1724a7db883750552260b61.jpg', '伍中林', '01234567899', '2022-04-05', '图书馆二楼3排4号', '苹果12一个', '爱心A站点', null, '小红', '学校南门', '丢失中', '同意', '2022-04-05 16:51:07');
INSERT INTO `xunwushenhe` VALUES ('80', '22', '312614844', 'j安卓手机', '/upload/2033f725151c4269b015cab7fc6a5f0e.jpg', '伍中林', '12345678901', '2022-04-04', '图书馆二楼3排4号', '今天中午在饭堂吃饭时捡到一部手机！', '爱心A站点', null, '小红', '学校南门', '丢失中', '同意', '2022-04-05 18:39:47');
INSERT INTO `xunwushenhe` VALUES ('81', '22', '312614844', 'j安卓手机', '/upload/ea29b38367f24da2b03757095d871ed4.jpg', '伍中林', '12345678901', '2022-04-04', '图书馆二楼3排4号', '今天中午在饭堂吃饭时捡到一部手机！', '爱心A站点', null, '小红', '学校南门', '丢失中', '同意', '2022-04-05 18:39:59');
INSERT INTO `xunwushenhe` VALUES ('82', '22', '312614844', '202204405安卓手机', '/upload/21c1bc7478df440a8359eac08bf44253.jpg', '伍中林', '01234567899', '2022-04-04', '图书馆二楼3排4号', '在图书馆学习时，捡到一部手机，放在那里七八个小时没人认领，估计失主有事离开，忘记带走了。', '爱心A站点', null, '小红', '学校南门', '丢失中', '同意', '2022-04-05 20:06:16');
INSERT INTO `xunwushenhe` VALUES ('83', '22', '312614844', '触笔', '/upload/17d719c8e2ac411fbc433d21c082128b.jpg', '张大锤', '01234567899', '2022-04-04', '广东科学技术职业学院饭堂二楼', '在2022年04月04日中午，在饭堂吃饭的时候，遗漏了一根ipad触笔！', '爱心A站点', null, '小红', '学校南门', '丢失中', '同意', '2022-04-05 22:29:33');
INSERT INTO `xunwushenhe` VALUES ('85', '22', '312614850', '手机', '/upload/007e24f9567c4cf7b58afe20d1bfcf92.jpg', '伍中林', '01234567899', '2022-04-04', '广东科学技术职业学院饭堂二楼', '按揭首付大理石考核方式代购VS BBC v v擦四分金卡护法国会大厦股份尽快给v帮你们宣传哈德根据客户发的沙发和！', '爱心F站点', null, '小叶', '学校东面', '丢失中', '同意', '2022-04-05 23:36:14');
INSERT INTO `xunwushenhe` VALUES ('86', '22', '312614844', 'ipad pro', '/upload/d222e8c719284926bc9b55828d6d1a5f.jpg', '林', '12345678901', '2022-04-13', '图书馆二楼3排4号', 'iPad Pro 2018机身有银色、深空灰色两种颜色，11英寸iPad Pro 2018无线局域网机型468克（1.03磅），无线局域网+蜂窝网络机型468克（1.03磅）。iPad Pro 2018显示屏采用曲线圆角设计，四个圆角位于一个标准矩形内 [2]  ，机身厚度只有5.9毫米。', '爱心A站点', null, '小红', '学校南门', '丢失中', '同意', '2022-04-13 16:29:16');
INSERT INTO `xunwushenhe` VALUES ('87', '22', '312614844', 'HUAWEI Mate 40', '/upload/394f9df17e5a4ca4a79fd8fe5dd28f9e.jpg', '伍中林', '01234567899', '2022-04-13', '图书馆二楼3排4号', 'HUAWEI Mate 40是华为公司于2020年10月22日发布的手机，于2020年12月21日上市。\nHUAWEI Mate 40采用直板设计；机身长度为158.6毫米，宽度为72.5毫米，厚度为8.8毫米，重量为188克；采用6.5英寸曲面屏，有亮黑色、釉白色、秘银色、夏日胡杨和秋日胡杨可选。 \nHUAWEI Mate 40搭载麒麟9000E芯片的CPU，基于Android 10的操作系统，可更新至华为鸿蒙系统（Harmony OS），为使用四摄像头（后方三枚），4200毫安电池。', '爱心A站点', null, '小红', '学校南门', '丢失中', '拒绝', '2022-04-13 16:54:12');
INSERT INTO `xunwushenhe` VALUES ('88', '22', '312614844', 'HUAWEI Mate 40', '/upload/eaa1175bdc8644d8b1ef96ddaf6e0b91.jpg', '伍中林', '01234567899', '2022-04-13', '图书馆二楼3排4号', 'HUAWEI Mate 40是华为公司于2020年10月22日发布的手机，于2020年12月21日上市。\nHUAWEI Mate 40采用直板设计；机身长度为158.6毫米，宽度为72.5毫米，厚度为8.8毫米，重量为188克；采用6.5英寸曲面屏，有亮黑色、釉白色、秘银色、夏日胡杨和秋日胡杨可选。 \nHUAWEI Mate 40搭载麒麟9000E芯片的CPU，基于Android 10的操作系统，可更新至华为鸿蒙系统（Harmony OS），为使用四摄像头（后方三枚），4200毫安电池。', '爱心A站点', null, '小红', '学校南门', '丢失中', '同意', '2022-04-13 16:57:23');
INSERT INTO `xunwushenhe` VALUES ('89', '22', '312614844', '高等数学同济7版', '/upload/1c6b92acdc104845aa81ecbed1d6a6bc.jpg', '伍中林', '01234567899', '2022-04-13', '图书馆二楼3排4号', '高等数学同济七版，高等数学同济大学第七版，第7版高数教材考研', '爱心A站点', null, '小红', '学校南门', '丢失中', '拒绝', '2022-04-13 17:10:33');
INSERT INTO `xunwushenhe` VALUES ('90', '22', '312614844', '高等数学课本', '/upload/80395c8c98054ef7852f2c0bcf5b0903.jpg', '林', '01234567899', '2022-04-19', '图书馆二楼3排4号', '高等数学第七版教材', '爱心A站点', null, '小红', '学校南门', '丢失中', '同意', '2022-04-20 13:54:57');
INSERT INTO `xunwushenhe` VALUES ('91', '22', '312614844', '高数课本', '/upload/aabde68910fa46f8bc547bfbab72a721.jpg', '张大锤', '01234567899', '2022-04-22', '六饭三楼', '在六饭三楼丢失一本高数课本', '爱心A站点', null, '小红', '学校南门', '丢失中', '同意', '2022-04-22 00:28:34');
INSERT INTO `xunwushenhe` VALUES ('92', '3', '312614844', '油画', '/upload/8761313f6acd4a158faacb6bf50b091a.jpg', '伍中林', '01234567899', '2022-04-22', '图书馆二楼3排4号', '在图书馆二楼3排4号卓遗漏一幅油画！', '爱心A站点', null, '小红', '学校南门', '丢失中', '同意', '2022-04-22 21:04:09');
INSERT INTO `xunwushenhe` VALUES ('93', '3', '312614844', '高数课本', '/upload/4f360ea90124482cb02224a572c178db.jpg', '张大锤', '01234567899', '2022-04-22', '图书馆二楼3排4号', '在图书馆二楼3排4号丢失一本高数教材', '爱心A站点', null, '小红', '学校南门', '丢失中', '拒绝', '2022-04-22 21:09:54');
INSERT INTO `xunwushenhe` VALUES ('94', '3', '312614844', 'ipad', '/upload/a71dc68264074900b8c73a36b9d665a7.jpg', '伍中林', '01234567899', '2022-04-21', '广东科学技术职业学院饭堂二楼', '广东科学技术职业学院饭堂二楼', '爱心A站点', null, '小红', '学校南门', '丢失中', '同意', '2022-04-22 21:18:25');
INSERT INTO `xunwushenhe` VALUES ('95', '22', '312614844', '高数课本', '/upload/e7a29540aecc44ab93bd4609dc72c348.jpg', '伍中林', '01234567899', '2022-04-22', '广东科学技术职业学院饭堂二楼', '广东科学技术职业学院饭堂二楼', '爱心A站点', null, '小红', '学校南门', '丢失中', '审核中', '2022-04-22 21:49:52');
INSERT INTO `xunwushenhe` VALUES ('96', '3', '312614844', '手机', '/upload/c4370f3a2d5f46bba9d991faf71ec001.jpg', '伍中林', '01234567899', '2022-04-22', '图书馆二楼3排4号', '图书馆二楼3排4号遗漏手机', '爱心A站点', null, '小红', '学校南门', '丢失中', '审核中', '2022-04-22 22:11:02');

-- ----------------------------
-- Table structure for `zhaolingdian`
-- ----------------------------
DROP TABLE IF EXISTS `zhaolingdian`;
CREATE TABLE `zhaolingdian` (
  `id` int(11) NOT NULL AUTO_INCREMENT,
  `bianhao` varchar(50) DEFAULT NULL,
  `zhandianmingcheng` varchar(50) DEFAULT NULL,
  `jianjie` varchar(500) DEFAULT NULL,
  `fuzeren` varchar(50) DEFAULT NULL,
  `lianxidianhua` varchar(50) DEFAULT NULL,
  `youxiang` varchar(50) DEFAULT NULL,
  `dizhi` varchar(50) DEFAULT NULL,
  `fuwushijian` varchar(50) DEFAULT NULL,
  `addtime` timestamp NOT NULL DEFAULT CURRENT_TIMESTAMP,
  PRIMARY KEY (`id`)
) ENGINE=InnoDB AUTO_INCREMENT=8 DEFAULT CHARSET=gb2312;

-- ----------------------------
-- Records of zhaolingdian
-- ----------------------------
INSERT INTO `zhaolingdian` VALUES ('1', '312614844', '爱心A站点', '12121122', '小红', '6497512', 'trodd@yahoo.com', '学校南门', '9点-22点', '2020-03-12 10:56:12');
INSERT INTO `zhaolingdian` VALUES ('2', '312614845', '爱心B站点', '112121', '小黄', '6488958', 'grhtrhk@163.com', '学校北门', '9点-22点', '2020-03-12 10:56:12');
INSERT INTO `zhaolingdian` VALUES ('3', '312614846', '爱心C站点', '1212122', '小黑', '8900541', 'regrodd@qq.com', '校门口', '9点-22点', '2020-03-12 10:56:12');
INSERT INTO `zhaolingdian` VALUES ('4', '312614847', '爱心D站点', '11212', '小白', '8954878', '43643933@qq.com', '学校西边', '9点-22点', '2020-03-12 10:56:12');
INSERT INTO `zhaolingdian` VALUES ('5', '312614848', '爱心E站点', '11212', '小绿', '8895632', '56547474@qq.com', '学校东面', '9点-22点', '2020-03-12 10:56:12');
INSERT INTO `zhaolingdian` VALUES ('6', '312614850', '爱心F站点', '测试', '小叶', '13769548711', '56547474@qq.com', '学校东面', '9点-22点', '2020-03-12 14:12:28');

-- ----------------------------
-- Table structure for `zhaolingshenhe`
-- ----------------------------
DROP TABLE IF EXISTS `zhaolingshenhe`;
CREATE TABLE `zhaolingshenhe` (
  `id` int(11) NOT NULL AUTO_INCREMENT,
  `userid` int(11) DEFAULT NULL,
  `bianhao` varchar(50) DEFAULT NULL,
  `wupinmingcheng` varchar(50) DEFAULT NULL,
  `tupian` varchar(50) DEFAULT NULL,
  `lianxidianhua` varchar(50) DEFAULT NULL,
  `jiandaoriqi` date DEFAULT NULL,
  `jiandaodizhi` varchar(50) DEFAULT NULL,
  `jianshu` varchar(500) DEFAULT NULL,
  `zhandianmingcheng` varchar(50) DEFAULT NULL,
  `daozhandianriqi` date DEFAULT NULL,
  `fuzeren` varchar(50) DEFAULT NULL,
  `dizhi` varchar(50) DEFAULT NULL,
  `zhuangtai` varchar(50) DEFAULT NULL,
  `shenhejieguo` varchar(50) DEFAULT NULL,
  `addtime` timestamp NOT NULL DEFAULT CURRENT_TIMESTAMP,
  PRIMARY KEY (`id`)
) ENGINE=InnoDB AUTO_INCREMENT=89 DEFAULT CHARSET=gb2312;

-- ----------------------------
-- Records of zhaolingshenhe
-- ----------------------------
INSERT INTO `zhaolingshenhe` VALUES ('79', '22', '312614844', '手机', '/upload/328c40f082d14e918f003b4bfce5a68d.jpg', '01234567899', '2022-04-08', '阿松大', 'sdafasfsads', '爱心A站点', '2022-04-17', '小红', '学校南门', '未领取', '同意', '2022-04-03 16:28:08');
INSERT INTO `zhaolingshenhe` VALUES ('80', '22', '312614844', '大手机', '/upload/869c5c353aa74e03929b22e7473a465c.jpg', '01234567899', '2022-04-04', '饭堂三楼', '黑色手机，4.2寸', '爱心A站点', '2022-04-04', '小红', '学校南门', '未领取', '同意', '2022-04-04 20:32:09');
INSERT INTO `zhaolingshenhe` VALUES ('81', '22', '312614846', '手机', '/upload/9fbc6ce105044fe0baea5fdf334d488b.jpg', '01234567899', '2022-04-04', '饭堂三楼', '大说法伽师开赴撒旦赶快发给暗室逢灯官方凯撒皇宫的发生鬼打鬼v不错砂锅豆腐和健康的卡敢死队风格！', '爱心C站点', '2022-04-04', '小黑', '校门口', '未领取', '同意', '2022-04-05 23:35:33');
INSERT INTO `zhaolingshenhe` VALUES ('82', '22', '312614846', '高数课本', '/upload/5f57d164728842bb9ed6b81cf286c0e3.jpg', '01234567899', '2022-04-22', '六饭三楼', '在六饭三楼捡到一本数学教材', '爱心C站点', '2022-04-22', '小黑', '校门口', '未领取', '同意', '2022-04-22 00:25:37');
INSERT INTO `zhaolingshenhe` VALUES ('83', '22', '312614846', 'ipad pro', '/upload/9056618409c3422489b46cf1fdacd132.jpg', '01234567899', '2022-04-22', '六饭三楼', '在六饭三楼捡到一部平板', '爱心C站点', '2022-04-22', '小黑', '校门口', '未领取', '拒绝', '2022-04-22 00:26:49');
INSERT INTO `zhaolingshenhe` VALUES ('84', '3', '312614845', 'ipad', '/upload/870b58258f79439b9e4ea37577c3948e.jpg', '01234567899', '2022-04-21', '饭堂三楼', '饭堂三楼', '爱心B站点', '2022-04-22', '小黄', '学校北门', '未领取', '同意', '2022-04-22 21:19:53');
INSERT INTO `zhaolingshenhe` VALUES ('85', '3', '312614846', '高数课本', '/upload/827520900ef043458d156bac3b2dc80a.jpg', '01234567899', '2022-04-21', '饭堂三楼', '今天晚上七点在饭堂三楼吃饭，玩了几个小时，见到一本高数课本长时间没人带走，已交到爱心C站点保存。', '爱心C站点', '2022-04-21', '小黑', '校门口', '未领取', '同意', '2022-04-22 21:26:35');
INSERT INTO `zhaolingshenhe` VALUES ('86', '22', '312614844', 'ipad pro', '/upload/05bf22284c99465b9c5048114d193f3a.jpg', '01234567899', '2022-04-22', '饭堂三楼', '饭堂三楼捡到一部ipad', '爱心A站点', '2022-04-22', '小红', '学校南门', '未领取', '审核中', '2022-04-22 21:50:45');
INSERT INTO `zhaolingshenhe` VALUES ('87', '22', '312614848', '高数课本', '/upload/de44c8e1089342639f94c981ee709746.jpg', '01234567899', '2022-04-22', '饭堂三楼', '饭堂三楼捡到一本高数课本！', '爱心E站点', '2022-04-23', '小绿', '学校东面', '未领取', '审核中', '2022-04-22 22:15:39');
INSERT INTO `zhaolingshenhe` VALUES ('88', '22', '312614848', 'HUAWEI Mate 40', '/upload/9a623aa433cd41608e17fa8639b0021e.jpg', '01234567899', '2022-04-22', '六饭三楼', '六饭三楼捡到一部HUAWEI Mate 40', '爱心E站点', '2022-04-23', '小绿', '学校东面', '未领取', '审核中', '2022-04-22 22:19:25');
